funcion,bits,Pm,mejor,peor,media,desv_std,tasa_exito
f1,4,0.01,-4.0000000000,-4.0000000000,-4.0000000000,0.0000000000,1.0000
f1,4,0.03,-4.0000000000,-4.0000000000,-4.0000000000,0.0000000000,1.0000
f1,4,0.05,-4.0000000000,-4.0000000000,-4.0000000000,0.0000000000,1.0000
f1,8,0.01,-4.0000000000,0.0991548650,-3.3851267702,1.5017153359,0.8500
f1,8,0.03,-4.0000000000,0.0991548650,-2.5652957972,2.0059644125,0.6500
f1,8,0.05,-4.0000000000,0.0991548650,-3.3851267702,1.5017153359,0.8500
f2,4,0.01,-4.9184987654,-4.9184987654,-4.9184987654,0.0000000000,0.0000
f2,4,0.03,-4.9184987654,-4.9184987654,-4.9184987654,0.0000000000,0.0000
f2,4,0.05,-4.9184987654,-4.9184987654,-4.9184987654,0.0000000000,0.0000
f2,8,0.01,-5.0196431710,-5.0196431710,-5.0196431710,0.0000000000,1.0000
f2,8,0.03,-5.0196431710,-5.0196431710,-5.0196431710,0.0000000000,1.0000
f2,8,0.05,-5.0196431710,-5.0196431710,-5.0196431710,0.0000000000,1.0000
f3_ackley,4,0.01,3.4016114681,3.6253849384,3.4128001416,0.0500372691,0.0000
f3_ackley,4,0.03,3.4016114681,3.6253849384,3.4128001416,0.0500372691,0.0000
f3_ackley,4,0.05,3.4016114681,3.4016114681,3.4016114681,0.0000000000,0.0000
f3_ackley,8,0.01,0.0988030933,0.0988030933,0.0988030933,0.0000000000,0.0000
f3_ackley,8,0.03,0.0988030933,0.0988030933,0.0988030933,0.0000000000,0.0000
f3_ackley,8,0.05,0.0988030933,0.0988030933,0.0988030933,0.0000000000,0.0000
f4_rastringin,4,0.01,2.3241171052,2.3241171052,2.3241171052,0.0000000000,N/A
f4_rastringin,4,0.03,2.3241171052,2.3241171052,2.3241171052,0.0000000000,N/A
f4_rastringin,4,0.05,2.3241171052,2.3241171052,2.3241171052,0.0000000000,N/A
f4_rastringin,8,0.01,0.1597499513,4.0606190247,1.0124827228,0.9821842416,N/A
f4_rastringin,8,0.03,0.1597499513,2.0388622880,0.5825502270,0.6448481605,N/A
f4_rastringin,8,0.05,0.1597499513,0.1597499513,0.1597499513,0.0000000000,N/A
