SN,limit,max_cycles,media_mejor,desv_std,tasa_exito,ciclos_media
20,20,200,-955.599950,3.846571,0.3000,104.70
20,20,400,-955.599950,3.846571,0.3000,104.70
20,40,200,-953.851216,13.542931,0.7000,125.60
20,40,400,-953.851216,13.542931,0.7000,125.60
20,80,200,-939.141931,25.856592,0.4000,123.70
20,80,400,-942.161796,23.871750,0.4000,143.70
40,40,200,-958.834106,1.730516,0.8000,111.20
40,40,400,-958.834106,1.730516,0.8000,111.20
40,80,200,-958.353099,2.341219,0.7000,113.10
40,80,400,-958.353099,2.341219,0.7000,113.10
40,160,200,-959.461623,0.360054,0.9000,151.30
40,160,400,-959.583443,0.146593,1.0000,179.50
80,80,200,-959.402891,0.707296,0.9000,136.80
80,80,400,-959.402891,0.707296,0.9000,139.80
80,160,200,-959.636563,0.012131,1.0000,167.30
80,160,400,-959.636563,0.012131,1.0000,190.90
80,320,200,-959.636551,0.012127,1.0000,175.10
80,320,400,-959.636555,0.012128,1.0000,215.00
