poblacion,Pc,Pm,problema,media_mejor,desv_std,tasa_exito,gen_media
30,0.7,0.02,ackley_2d,0.3398078103,0.2191828758,0.0000,63.20
30,0.7,0.02,sphere_4d,0.0055817358,0.0053953892,0.2000,87.30
30,0.7,0.1,ackley_2d,0.0328959208,0.0148281278,0.0000,76.60
30,0.7,0.1,sphere_4d,0.0002178005,0.0002193466,1.0000,133.10
30,0.7,0.2,ackley_2d,0.0230105514,0.0195877603,0.0000,65.60
30,0.7,0.2,sphere_4d,0.0004435975,0.0005213858,0.8000,116.80
30,0.85,0.02,ackley_2d,0.3414751934,0.5207670983,0.0000,68.30
30,0.85,0.02,sphere_4d,0.0022386853,0.0023677564,0.5000,111.20
30,0.85,0.1,ackley_2d,0.0185662303,0.0192540733,0.1000,78.70
30,0.85,0.1,sphere_4d,0.0002498958,0.0002946919,0.9000,111.40
30,0.85,0.2,ackley_2d,0.0191223335,0.0093518714,0.0000,74.90
30,0.85,0.2,sphere_4d,0.0003238354,0.0002031736,1.0000,89.20
30,0.95,0.02,ackley_2d,0.3193238938,0.3105222425,0.0000,74.50
30,0.95,0.02,sphere_4d,0.0047160255,0.0048061450,0.2000,101.50
30,0.95,0.1,ackley_2d,0.0272860695,0.0193693028,0.0000,78.30
30,0.95,0.1,sphere_4d,0.0004030467,0.0003598006,0.9000,104.70
30,0.95,0.2,ackley_2d,0.0240781797,0.0150911346,0.0000,75.90
30,0.95,0.2,sphere_4d,0.0002817386,0.0001927326,1.0000,136.80
60,0.7,0.02,ackley_2d,0.1281114635,0.2223646521,0.0000,64.60
60,0.7,0.02,sphere_4d,0.0014170528,0.0018002894,0.5000,116.00
60,0.7,0.1,ackley_2d,0.0267942892,0.0197597696,0.0000,90.80
60,0.7,0.1,sphere_4d,0.0000716270,0.0001295929,1.0000,130.90
60,0.7,0.2,ackley_2d,0.0118812509,0.0096581115,0.0000,75.30
60,0.7,0.2,sphere_4d,0.0001144541,0.0001383602,1.0000,126.60
60,0.85,0.02,ackley_2d,0.0863117510,0.0815100476,0.0000,70.40
60,0.85,0.02,sphere_4d,0.0008210458,0.0009534323,0.7000,126.70
60,0.85,0.1,ackley_2d,0.0164201387,0.0160789035,0.0000,87.90
60,0.85,0.1,sphere_4d,0.0000449276,0.0000533880,1.0000,110.30
60,0.85,0.2,ackley_2d,0.0165861440,0.0101503379,0.0000,71.60
60,0.85,0.2,sphere_4d,0.0002865814,0.0003743057,0.9000,111.60
60,0.95,0.02,ackley_2d,0.1344857603,0.1749557616,0.0000,70.50
60,0.95,0.02,sphere_4d,0.0023052652,0.0026113535,0.3000,101.70
60,0.95,0.1,ackley_2d,0.0214364672,0.0356625709,0.1000,78.80
60,0.95,0.1,sphere_4d,0.0000766423,0.0000898799,1.0000,123.00
60,0.95,0.2,ackley_2d,0.0158451221,0.0123425207,0.0000,78.90
60,0.95,0.2,sphere_4d,0.0001579067,0.0001109409,1.0000,129.40
100,0.7,0.02,ackley_2d,0.0459399850,0.0290820903,0.0000,75.40
100,0.7,0.02,sphere_4d,0.0005928156,0.0006525700,0.8000,103.80
100,0.7,0.1,ackley_2d,0.0113848125,0.0096730894,0.0000,72.20
100,0.7,0.1,sphere_4d,0.0000205038,0.0000183827,1.0000,148.60
100,0.7,0.2,ackley_2d,0.0066397899,0.0069279289,0.0000,83.20
100,0.7,0.2,sphere_4d,0.0000269672,0.0000207342,1.0000,110.00
100,0.85,0.02,ackley_2d,0.0708411859,0.1153382383,0.0000,71.10
100,0.85,0.02,sphere_4d,0.0003219857,0.0003047389,1.0000,112.70
100,0.85,0.1,ackley_2d,0.0093772017,0.0055476880,0.0000,60.30
100,0.85,0.1,sphere_4d,0.0000431001,0.0000676917,1.0000,135.60
100,0.85,0.2,ackley_2d,0.0037516902,0.0045827030,0.2000,109.70
100,0.85,0.2,sphere_4d,0.0000462133,0.0000441924,1.0000,142.50
100,0.95,0.02,ackley_2d,0.0333666919,0.0186145547,0.0000,78.50
100,0.95,0.02,sphere_4d,0.0006018578,0.0003692332,0.9000,127.60
100,0.95,0.1,ackley_2d,0.0086808213,0.0058948250,0.0000,82.80
100,0.95,0.1,sphere_4d,0.0000328034,0.0000756691,1.0000,123.60
100,0.95,0.2,ackley_2d,0.0097011693,0.0088751449,0.0000,82.60
100,0.95,0.2,sphere_4d,0.0000655268,0.0000663498,1.0000,131.00
